<?xml version="1.0" encoding="UTF-8" standalone="yes"?>
<S100XC:S100_ExchangeCatalogue xmlns:S100XC="http://www.iho.int/s100/xc/5.1" xmlns:gco="http://standards.iso.org/iso/19115/-3/gco/1.0" xmlns:S100SE="http://www.iho.int/s100/se/5.1" xmlns:cit="http://standards.iso.org/iso/19115/-3/cit/2.0">
    <S100XC:identifier>
        <S100XC:identifier>IHO Catalogue Exchange</S100XC:identifier>
        <S100XC:dateTime>2024-04-10T15:19:37Z</S100XC:dateTime>
    </S100XC:identifier>
    <S100XC:contact>
        <S100XC:organization>
            <gco:CharacterString>International Hydrographic Organisation</gco:CharacterString>
        </S100XC:organization>
        <S100XC:address>
            <cit:deliveryPoint>
                <gco:CharacterString>4b quai Antoine 1er</gco:CharacterString>
            </cit:deliveryPoint>
            <cit:deliveryPoint>
                <gco:CharacterString>BP 445</gco:CharacterString>
            </cit:deliveryPoint>
            <cit:city>
                <gco:CharacterString>Monaco</gco:CharacterString>
            </cit:city>
            <cit:administrativeArea>
                <gco:CharacterString>Monaco</gco:CharacterString>
            </cit:administrativeArea>
            <cit:postalCode>
                <gco:CharacterString>MC 98011</gco:CharacterString>
            </cit:postalCode>
            <cit:country>
                <gco:CharacterString>Monaco</gco:CharacterString>
            </cit:country>
            <cit:electronicMailAddress>
                <gco:CharacterString>info@iho.int</gco:CharacterString>
            </cit:electronicMailAddress>
        </S100XC:address>
    </S100XC:contact>
    <S100XC:certificates>
        <S100SE:schemeAdministrator id="IHO"/>
        <S100SE:certificate id="urn:mrn:iho:org:00AA:01810" issuer="IHO">MIIDPzCCAsSgAwIBAgIUWnnfJnDrFNPVe+AIHW1rTJwDtsswCgYIKoZIzj0EAwMw&#13;
gdwxCzAJBgNVBAYTAk1DMR0wGwYDVQQIDBRTQ0hFTUVfQURNSU5JU1RSQVRPUjEP&#13;
MA0GA1UEBwwGTW9uYWNvMTAwLgYDVQQKDCdJbnRlcm5hdGlvbmFsIEh5ZHJvZ3Jh&#13;
cGhpYyBPcmdhbml6YXRpb24xKTAnBgNVBAsMIElITyBTLTEwMGU1LjIuMCBST09U&#13;
IGNlcnRpZmljYXRlMSMwIQYDVQQDDBp1cm46bXJuOmlobzpvcmc6MDBBQTowMTgx&#13;
MDEbMBkGCSqGSIb3DQEJARYMaW5mb0BpaG8uaW50MCAXDTI0MDMxODA3NTQwNFoY&#13;
DzIwNzQwMzE5MDc1NDA0WjCB0DELMAkGA1UEBhMCTUMxFjAUBgNVBAgMDURBVEFf&#13;
UFJPRFVDRVIxDzANBgNVBAcMBk1vbmFjbzEwMC4GA1UECgwnSW50ZXJuYXRpb25h&#13;
bCBIeWRyb2dyYXBoaWMgT3JnYW5pemF0aW9uMSQwIgYDVQQLDBtJSE8gUy0xMDBl&#13;
NS4yLjAgRGF0YSBTZXJ2ZXIxIzAhBgNVBAMMGnVybjptcm46aWhvOm9yZzowMUFB&#13;
OjkwMDAxMRswGQYJKoZIhvcNAQkBFgxpbmZvQGloby5pbnQwdjAQBgcqhkjOPQIB&#13;
BgUrgQQAIgNiAARJ0HAAGMraVCf1+7fhQGjlC/vh1TKAhqFZ+L7IFO8+Qa20R6Mu&#13;
bRXGCPApuEX0sX4RG7jQZqMBHH24v899ZzqDGVwVGsNlOQZtA5CYdT/9xZURol7S&#13;
C5KQvZ/NHjAIToGjTzBNMAsGA1UdDwQEAwID+DAdBgNVHQ4EFgQUb8Jzd8rERMb/&#13;
co89JMmhTfQKnFgwHwYDVR0jBBgwFoAU+6Wwd0bIE7FVyeUDeu/nZIFaqZMwCgYI&#13;
KoZIzj0EAwMDaQAwZgIxAJVGrQumAzt7hYir0eBVQrpOMmyF1vVkbycUzZ8Wxemz&#13;
1u/PEKiQ8S0Sith/y50J+QIxAM2R+gM1Uuo6hNlKd/Fmibd40u8DoFgBO3pHxwez&#13;
U6HRLlHo32R3ScoDRlHzfo2YKw==</S100SE:certificate>
    </S100XC:certificates>
    <S100XC:datasetDiscoveryMetadata/>
    <S100XC:supportFileDiscoveryMetadata/>
    <S100XC:catalogueDiscoveryMetadata>
        <S100XC:S100_CatalogueDiscoveryMetadata>
            <S100XC:fileName>file:/S-101_FC_1.2.3.xml</S100XC:fileName>
            <S100XC:purpose>newDataset</S100XC:purpose>
            <S100XC:editionNumber>1</S100XC:editionNumber>
            <S100XC:scope>featureCatalogue</S100XC:scope>
            <S100XC:versionNumber>2</S100XC:versionNumber>
            <S100XC:issueDate>2024-04-10</S100XC:issueDate>
            <S100XC:productSpecification>
                <S100XC:version>5.2.0</S100XC:version>
                <S100XC:productIdentifier>S-100</S100XC:productIdentifier>
                <S100XC:number>1</S100XC:number>
            </S100XC:productSpecification>
            <S100XC:digitalSignatureReference>ECDSA-384-SHA2</S100XC:digitalSignatureReference>
            <S100XC:digitalSignatureValue>
                <S100SE:S100_SE_SignatureOnData id="S-101_FC_1.2.3.xml" certificateRef="urn:mrn:iho:org:00AA:01810" dataStatus="unencrypted">MGUCMQC4jSvuJSSLiY4Pzt7ZYSpX9L44qksPSFwYlRztmg6wLehfXdl8VPpWLfyozk15IN8CMH+JmdTobqVac/hZaON7dfZIJ4v2AKz4Q3uJ4LPwgcT8/F8JJBTJXafrHT73xXK00g==</S100SE:S100_SE_SignatureOnData>
            </S100XC:digitalSignatureValue>
            <S100XC:compressionFlag>false</S100XC:compressionFlag>
        </S100XC:S100_CatalogueDiscoveryMetadata>
    </S100XC:catalogueDiscoveryMetadata>
</S100XC:S100_ExchangeCatalogue>
